-- phpMyAdmin SQL Dump
-- version 4.8.3
-- https://www.phpmyadmin.net/
--
-- Хост: localhost
-- Время создания: Авг 29 2022 г., 14:47
-- Версия сервера: 5.6.38-log
-- Версия PHP: 7.2.0

SET SQL_MODE = "NO_AUTO_VALUE_ON_ZERO";
SET AUTOCOMMIT = 0;
START TRANSACTION;
SET time_zone = "+00:00";


/*!40101 SET @OLD_CHARACTER_SET_CLIENT=@@CHARACTER_SET_CLIENT */;
/*!40101 SET @OLD_CHARACTER_SET_RESULTS=@@CHARACTER_SET_RESULTS */;
/*!40101 SET @OLD_COLLATION_CONNECTION=@@COLLATION_CONNECTION */;
/*!40101 SET NAMES utf8mb4 */;

--
-- База данных: `machinery_diagnostics`
--

-- --------------------------------------------------------

--
-- Структура таблицы `cars`
--

CREATE TABLE `cars` (
  `id` int(11) NOT NULL,
  `brand` text NOT NULL,
  `model` text NOT NULL
) ENGINE=InnoDB DEFAULT CHARSET=utf8;

--
-- Дамп данных таблицы `cars`
--

INSERT INTO `cars` (`id`, `brand`, `model`) VALUES
(1, 'Mazda', 'CX-5'),
(2, 'Mitsubishi', 'Outlander'),
(3, 'Renault', 'Arkana'),
(4, 'Hyundai', 'Santa Fe'),
(5, 'Renault', 'Kaptur'),
(6, 'Skoda', 'Karoq'),
(7, 'Skoda', 'Kodiaq '),
(8, 'Renault', 'Sandero'),
(9, 'Lada', 'XRay'),
(10, 'Toyota', 'RAV4'),
(11, 'Kia', 'Sportage'),
(12, 'Kia', 'K5'),
(13, 'Toyota Camry', 'Camry'),
(14, 'Lada', 'Largus'),
(15, 'Renault', 'Logan'),
(16, 'Renault', 'Duster'),
(17, 'Volkswagen', 'Tiguan '),
(18, 'Skoda', 'Rapid'),
(19, 'Hyundai', 'Solaris'),
(20, 'Volkswagen', 'Polo'),
(21, 'Lada', 'Niva Legend'),
(22, 'Hyundai', 'Creta'),
(23, 'Kia', 'Rio'),
(24, 'Lada', 'Vesta'),
(25, 'Lada', 'Granta');

-- --------------------------------------------------------

--
-- Структура таблицы `malfunction_results`
--

CREATE TABLE `malfunction_results` (
  `id` int(11) NOT NULL,
  `name` text NOT NULL,
  `section` int(11) NOT NULL,
  `description` text NOT NULL,
  `recommendation` text NOT NULL
) ENGINE=InnoDB DEFAULT CHARSET=utf8;

--
-- Дамп данных таблицы `malfunction_results`
--

INSERT INTO `malfunction_results` (`id`, `name`, `section`, `description`, `recommendation`) VALUES
(1, 'Замаслены накладки тормозных колодок', 1, 'Слабое или неравномерное действие тормозов может происходить вследствие замасливания накладок колодок смазкой или маслом, попадающих через сальники ступиц колес или полуосей, вследствие износа сальников или переполнения смазкой ступиц и полостей подшипников полуосей, утечки тормозной жидкости из тормозных цилиндров передних или задних колес.', 'Замените накладки тормозных колодок '),
(2, 'Несоответствующие тормозные колодки', 1, 'Несоответствующие тормозные колодки', 'Замените тормозные колодки'),
(3, 'Засорено компенсационное отверстие в главном тормозном цилиндре', 1, 'Жидкости внутри цилиндра некуда деваться, поскольку компенсационное отверстие засорилось. ', 'Очистите главный тормозной цилиндр'),
(4, 'Мал зазор между тягой и поршнем главного тормозного цилиндра', 1, 'Притормаживание колес на ходу сопровождается ухудшением наката автомобиля и нагреванием одного или всех тормозных барабанов (диска).', 'Проверьте зазор'),
(5, 'Загрязнение тормозного суппорта', 1, 'Загрязнение тормозного суппорта', 'Очистите тормозной суппорт'),
(6, 'Тормозной диск не параллелен тормозному суппорту', 1, 'Тормозной диск не параллелен тормозному суппорту', 'Проверьте плоскости установки тормозного суппорта'),
(7, 'Деформация ведомого диска', 2, 'Допустимая толщина ведомых дисков 7 мм.', 'Замените ведомый диск'),
(8, 'Износ шлицев ведомого диска', 2, 'Износ шлицев ведомого диска;', 'Необходима замена шлицев диска'),
(9, 'Поломка или ослабление диафрагменной пружины', 2, 'Поломка или ослабление диафрагменной пружины', 'Замените диафрагменную пружину '),
(10, 'Засорение гидравлического привода', 2, 'Засорение гидравлического привода', 'Очистите гидравлический привод'),
(11, 'Износ или повреждение накладок ведомого диска', 2, 'Износ или повреждение накладок ведомого диска', 'Замените накладки ведомого диска'),
(12, 'Замасливание ведомого диска', 2, 'Замасливание ведомого диска', 'Очистите ведомый диск'),
(13, 'Неисправность рабочего цилиндра', 2, 'Неисправность рабочего цилиндра', 'Замена рабочего цилиндра'),
(14, 'Деформация диафрагменной пружины', 2, 'Деформация диафрагменной пружины', 'Замените диафрагменную пружину'),
(15, 'Ослабление опор крепления двигателя', 2, 'Ослабление опор крепления двигателя', 'Отрегулируйте опоры'),
(16, 'Нарушение угла установки передних колес', 3, 'Нарушение угла установки передних колес', 'Необходимо отрегулировать углы установки передних колес '),
(17, 'Деформация рычага подвески', 3, 'Деформация детали может произойти не только из-за серьезного удара, иногда достаточно влететь в яму или на «лежачий полицейский» на скорости. Также очень опасны боковые удары.', 'Замените рычаг подвески'),
(18, 'Снижение жесткости пружины', 3, 'Снижение жесткости пружины', 'Замените пружины'),
(19, 'Повреждение стабилизатора поперечной устойчивости', 3, 'Повреждение стабилизатора ', 'Замените стабилизатор'),
(20, 'Неисправности амортизатора', 3, 'Неисправности амортизатора', 'Необходимо произвести замену амортизатора'),
(21, 'Износ резинометаллических или шаровых элементов крепления подвески', 3, 'Износ резинометаллических или шаровых элементов крепления подвески ', 'Необходимо заменить изношенные элементы крепления подвески'),
(22, 'Износ шарнира наконечника рулевой тяги', 4, 'Износ шарнира наконечника рулевой тяги', 'Необходимо заменить шарнир наконечника рулевой тяги'),
(23, 'Износ подшипника рулевого вала', 4, ' Износ подшипника рулевого вала ', 'Необходимо заменить подшипник рулевого вала '),
(24, 'Пробуксовка ремня привода', 4, 'Пробуксовка ремня привода', 'Необходимо натянуть ремень'),
(25, 'Низкий уровень рабочей жидкости', 4, 'Низкий уровень рабочей жидкости', 'Долить рабочую жидкость. и устранить утечки'),
(26, 'Неисправна или разряжена аккумуляторная батарея', 5, 'Неисправна или разряжена аккумуляторная батарея ', 'Зарядите батарею или замените её'),
(27, 'Сильно окислены полосные выводы аккумуляторной батареи и наконечники проводов. Слабо затянуты наконечники', 5, ' Сильно окислены полосные выводы аккумуляторной батареи и наконечники проводов. Слабо затянуты наконечники ', 'Очистите полосные выводы и наконечники проводов, з...'),
(28, '', 0, '', '');

-- --------------------------------------------------------

--
-- Структура таблицы `malfunction_sections`
--

CREATE TABLE `malfunction_sections` (
  `id` int(11) NOT NULL,
  `name` text NOT NULL,
  `description` text NOT NULL
) ENGINE=InnoDB DEFAULT CHARSET=utf8;

--
-- Дамп данных таблицы `malfunction_sections`
--

INSERT INTO `malfunction_sections` (`id`, `name`, `description`) VALUES
(1, 'Тормозная система', 'Тормозная система предназначена для снижения скорости движения и/или остановки транспортного средства или механизма. Она также позволяет удерживать транспортное средство от самопроизвольного движения во время покоя. '),
(2, 'Сцепление', 'Сцепле́ние — элемент трансмиссии автомобиля, передающий крутящий момент двигателя и позволяющий кратковременно отсоединить двигатель от всех остальных элементов трансмиссии и вновь их плавно соединить (сцепить).'),
(3, 'Подвеска', 'Подвеска автомобиля — совокупность устройств, обеспечивающих упругую связь между несущей системой и колёсами (или мостами) автомобиля, уменьшение динамических нагрузок на несущую систему и колёса и затухание их колебаний, а также регулирование положения кузова автомобиля во время движения.'),
(4, 'Рулевое управление', 'Рулевое управление — совокупность механизмов автомобиля или колёсного трактора, обеспечивающая движение по заданному водителем направлению.'),
(5, 'Стартер', 'Стартер автомобиля представляет собой электродвигатель. Он преобразует электрическую энергию от аккумулятора в механическую работу, которая приводит в движение маховик и коленчатый вал, для начала процесса движения поршней. Стартером оборудованы все двигатели. Читайте подробнее на https://techautoport.ru/elektrooborudovanie-i-elektronika/zapusk-dvigatelya/starter.html');

-- --------------------------------------------------------

--
-- Структура таблицы `malfunction_signs`
--

CREATE TABLE `malfunction_signs` (
  `id` int(11) NOT NULL,
  `section` int(11) NOT NULL,
  `sign` text NOT NULL,
  `description` text NOT NULL,
  `result` int(11) NOT NULL
) ENGINE=InnoDB DEFAULT CHARSET=utf8;

--
-- Дамп данных таблицы `malfunction_signs`
--

INSERT INTO `malfunction_signs` (`id`, `section`, `sign`, `description`, `result`) VALUES
(1, 1, 'Снижение эффекта торможения, несмотря на высокое усилие на педаль', '', 1),
(2, 1, 'Снижение эффекта торможения, несмотря на высокое усилие на педаль', '', 2),
(3, 1, 'При торможении автомобиль уводит в сторону', '', 1),
(4, 1, 'Притормаживание колёс', '', 3),
(5, 1, 'Притормаживание колёс', '', 4),
(6, 1, 'Разогрев тормозов при движении автомобиля', '', 3),
(7, 1, 'Разогрев тормозов при движении автомобиля', '', 4),
(8, 1, 'Стук тормозов', '', 2),
(9, 1, 'Неравномерный износ тормозных колодок', '', 2),
(10, 1, 'Неравномерный износ тормозных колодок', '', 5),
(11, 1, 'Клинообразный износ тормозных колодок', '', 6),
(12, 1, 'Вибрация (пульсация) тормозов', '', 2),
(13, 1, 'Вибрация (пульсация) тормозов', '', 6),
(14, 1, 'Вибрация (пульсация) тормозов', '', 5),
(15, 2, 'Сцепление не полностью выключается при нажатии на его педаль', '', 7),
(16, 2, 'Сцепление не полностью выключается при нажатии на его педаль', '', 8),
(17, 2, 'Сцепление не полностью выключается при нажатии на его педаль', '', 11),
(18, 2, 'Сцепление не полностью выключается при нажатии на его педаль', '', 9),
(19, 2, 'Сцепление не полностью выключается при нажатии на его педаль', '', 13),
(20, 2, 'Сцепление не полностью выключается при нажатии на его педаль', '', 10),
(21, 2, 'Сцепление не полностью включается при нажатии на его педаль', '', 11),
(22, 2, 'Сцепление не полностью включается при нажатии на его педаль', '', 12),
(23, 2, 'Сцепление не полностью включается при нажатии на его педаль', '', 9),
(24, 2, 'Сцепление не полностью включается при нажатии на его педаль', '', 10),
(25, 2, 'Сцепление не полностью включается при нажатии на его педаль', '', 13),
(26, 2, 'Рывки при работе сцепления', '', 11),
(27, 2, 'Рывки при работе сцепления', '', 12),
(28, 2, 'Рывки при работе сцепления', '', 14),
(29, 2, 'Рывки при работе сцепления', '', 15),
(30, 2, 'Вибрация при включении сцепления', '', 8),
(31, 2, 'Вибрация при включении сцепления', '', 7),
(32, 2, 'Вибрация при включении сцепления', '', 12),
(33, 2, 'Вибрация при включении сцепления', '', 14),
(34, 2, 'Вибрация при включении сцепления', '', 15),
(35, 3, 'Увод в сторону при движении', '', 16),
(36, 3, 'Увод в сторону при движении', '', 17),
(37, 3, 'Увод в сторону при движении', '', 18),
(38, 3, 'Увод в сторону при движении', '', 19),
(39, 3, 'Раскачивание при поворотах и торможении', '', 20),
(40, 3, 'Раскачивание при поворотах и торможении', '', 19),
(41, 3, 'Вибрация в движении', '', 16),
(42, 3, 'Стуки в движении', '', 20),
(43, 3, 'Стуки в движении', '', 21),
(44, 3, 'Пробой подвески ', '', 17),
(45, 3, 'Пробой подвески ', '', 18),
(46, 3, 'Пробой подвески ', '', 20),
(47, 3, 'Пробой подвески ', '', 21),
(48, 3, 'Повышенный или неравномерный износ шин', '', 16),
(49, 3, 'Повышенный или неравномерный износ шин', '', 17),
(50, 3, 'Повышенный или неравномерный износ шин', '', 21),
(51, 4, 'Стуки в рулевом управлении', '', 22),
(52, 4, 'Биение на рулевом колесе', '', 22),
(53, 4, 'Биение на рулевом колесе', '', 23),
(54, 4, 'Увеличенный люфт рулевого колеса', '', 22),
(55, 4, 'Увеличенный люфт рулевого колеса', '', 23),
(56, 4, 'Тугое вращение рулевого колеса', '', 24),
(57, 4, 'Тугое вращение рулевого колеса', '', 25),
(58, 4, 'Шум в усилителе рулевого управления', '', 24),
(59, 4, 'Шум в усилителе рулевого управления', '', 25),
(60, 5, 'При включении стартера якорь не вращается, тяговое реле не срабатывает', '', 26),
(61, 5, 'При включении стартера якорь не вращается или вращается слишком медленно , тяговое реле срабатывает', '', 26),
(62, 5, 'При включении стартера тяговое реле многократно срабатывает и отключается', '', 26),
(63, 5, 'При включении стартера якорь не вращается, тяговое реле не срабатывает', '', 27);

-- --------------------------------------------------------

--
-- Структура таблицы `result_logs`
--

CREATE TABLE `result_logs` (
  `id` int(11) NOT NULL,
  `user_car` int(11) NOT NULL,
  `result` int(11) NOT NULL,
  `grade` int(11) NOT NULL,
  `best` tinyint(1) NOT NULL
) ENGINE=InnoDB DEFAULT CHARSET=utf8;

--
-- Дамп данных таблицы `result_logs`
--

INSERT INTO `result_logs` (`id`, `user_car`, `result`, `grade`, `best`) VALUES
(1, 17, 21, 3, 0),
(2, 17, 1, 2, 0),
(3, 17, 20, 2, 0),
(4, 17, 26, 2, 0),
(5, 17, 11, 2, 0),
(6, 17, 12, 2, 0),
(7, 17, 17, 2, 0),
(8, 17, 16, 1, 0),
(9, 17, 18, 1, 0),
(10, 17, 14, 1, 0),
(11, 17, 15, 1, 0),
(12, 17, 2, 1, 0),
(13, 17, 13, 1, 0),
(14, 17, 10, 1, 0),
(15, 17, 9, 1, 0),
(16, 17, 4, 1, 0),
(17, 17, 3, 1, 0),
(18, 17, 27, 1, 0),
(19, 18, 16, 3, 0),
(20, 18, 26, 3, 0),
(21, 18, 2, 2, 0),
(22, 18, 22, 2, 0),
(23, 18, 21, 2, 0),
(24, 18, 17, 2, 0),
(25, 18, 1, 2, 0),
(26, 18, 15, 2, 0),
(27, 18, 14, 2, 0),
(28, 18, 12, 2, 0),
(29, 18, 4, 2, 0),
(30, 18, 3, 2, 0),
(31, 18, 8, 1, 0),
(32, 18, 7, 1, 0),
(33, 18, 18, 1, 0),
(34, 18, 19, 1, 0),
(35, 18, 20, 1, 0),
(36, 18, 11, 1, 0),
(37, 18, 23, 1, 0),
(38, 18, 27, 1, 0),
(39, 18, 2, 3, 0),
(40, 18, 16, 3, 0),
(41, 18, 17, 3, 0),
(42, 18, 1, 2, 0),
(43, 18, 19, 2, 0),
(44, 18, 26, 2, 0),
(45, 18, 6, 2, 0),
(46, 18, 11, 2, 0),
(47, 18, 12, 2, 0),
(48, 18, 22, 2, 0),
(49, 18, 21, 2, 0),
(50, 18, 20, 2, 0),
(51, 18, 18, 2, 0),
(52, 18, 25, 1, 0),
(53, 18, 24, 1, 0),
(54, 18, 23, 1, 0),
(55, 18, 15, 1, 0),
(56, 18, 14, 1, 0),
(57, 18, 13, 1, 0),
(58, 18, 10, 1, 0),
(59, 18, 9, 1, 0),
(60, 18, 5, 1, 0),
(61, 18, 4, 1, 0),
(62, 18, 3, 1, 0),
(63, 18, 27, 1, 0),
(64, 18, 2, 3, 0),
(65, 18, 26, 3, 0),
(66, 18, 1, 2, 0),
(67, 18, 22, 2, 0),
(68, 18, 21, 2, 0),
(69, 18, 17, 2, 0),
(70, 18, 20, 2, 0),
(71, 18, 15, 2, 0),
(72, 18, 14, 2, 0),
(73, 18, 12, 2, 0),
(74, 18, 11, 2, 0),
(75, 18, 8, 2, 0),
(76, 18, 7, 2, 0),
(77, 18, 6, 2, 0),
(78, 18, 5, 2, 0),
(79, 18, 13, 1, 0),
(80, 18, 10, 1, 0),
(81, 18, 9, 1, 0),
(82, 18, 19, 1, 0),
(83, 18, 18, 1, 0),
(84, 18, 16, 1, 0),
(85, 18, 4, 1, 0),
(86, 18, 23, 1, 0),
(87, 18, 3, 1, 0),
(88, 18, 27, 1, 0),
(89, 18, 2, 2, 0),
(90, 18, 12, 2, 0),
(91, 18, 23, 2, 0),
(92, 18, 22, 2, 0),
(93, 18, 15, 2, 0),
(94, 18, 5, 2, 0),
(95, 18, 14, 2, 0),
(96, 18, 11, 2, 0),
(97, 18, 8, 2, 0),
(98, 18, 7, 2, 0),
(99, 18, 6, 2, 0),
(100, 18, 26, 2, 0),
(101, 18, 13, 1, 0),
(102, 18, 10, 1, 0),
(103, 18, 9, 1, 0),
(104, 18, 20, 1, 0),
(105, 18, 19, 1, 0),
(106, 18, 16, 1, 0),
(107, 18, 24, 1, 0),
(108, 18, 25, 1, 0),
(109, 17, 26, 3, 0),
(110, 17, 27, 1, 0),
(111, 17, 26, 3, 0),
(112, 17, 27, 1, 0),
(113, 17, 1, 2, 0),
(114, 17, 2, 2, 0),
(115, 17, 3, 1, 0),
(116, 17, 4, 1, 0),
(117, 17, 1, 2, 0),
(118, 17, 9, 2, 0),
(119, 17, 24, 2, 0),
(120, 17, 12, 2, 0),
(121, 17, 10, 2, 0),
(122, 17, 2, 2, 0),
(123, 17, 13, 2, 0),
(124, 17, 11, 2, 0),
(125, 17, 8, 2, 0),
(126, 17, 7, 2, 0),
(127, 17, 25, 2, 0),
(128, 17, 4, 1, 0),
(129, 17, 14, 1, 0),
(130, 17, 15, 1, 0),
(131, 17, 22, 1, 0),
(132, 17, 23, 1, 0),
(133, 17, 3, 1, 0),
(134, 17, 3, 2, 0),
(135, 17, 4, 2, 0),
(136, 17, 2, 2, 0),
(137, 17, 6, 2, 0),
(138, 17, 5, 1, 0),
(139, 22, 2, 4, 0),
(140, 22, 1, 2, 0),
(141, 22, 3, 2, 0),
(142, 22, 4, 2, 0),
(143, 22, 5, 2, 0),
(144, 22, 6, 2, 0),
(145, 0, 2, 4, 0),
(146, 0, 1, 2, 0),
(147, 0, 3, 2, 0),
(148, 0, 4, 2, 0),
(149, 0, 5, 2, 0),
(150, 0, 6, 2, 0),
(151, 0, 2, 4, 0),
(152, 0, 1, 2, 0),
(153, 0, 3, 2, 0),
(154, 0, 4, 2, 0),
(155, 0, 5, 2, 0),
(156, 0, 6, 2, 0),
(157, 0, 2, 4, 0),
(158, 0, 1, 2, 0),
(159, 0, 3, 2, 0),
(160, 0, 4, 2, 0),
(161, 0, 5, 2, 0),
(162, 0, 6, 2, 0),
(163, 0, 2, 4, 0),
(164, 0, 1, 2, 0),
(165, 0, 3, 2, 0),
(166, 0, 4, 2, 0),
(167, 0, 5, 2, 0),
(168, 0, 6, 2, 0),
(169, 0, 2, 4, 0),
(170, 0, 1, 2, 0),
(171, 0, 3, 2, 0),
(172, 0, 4, 2, 0),
(173, 0, 5, 2, 0),
(174, 0, 6, 2, 0),
(175, 0, 2, 4, 0),
(176, 0, 1, 2, 0),
(177, 0, 3, 2, 0),
(178, 0, 4, 2, 0),
(179, 0, 5, 2, 0),
(180, 0, 6, 2, 0),
(181, 24, 2, 4, 0),
(182, 24, 1, 2, 0),
(183, 24, 3, 2, 0),
(184, 24, 4, 2, 0),
(185, 24, 5, 2, 0),
(186, 24, 6, 2, 0),
(187, 19, 2, 4, 0),
(188, 19, 1, 2, 0),
(189, 19, 3, 2, 0),
(190, 19, 4, 2, 0),
(191, 19, 5, 2, 0),
(192, 19, 6, 2, 0),
(193, 28, 2, 4, 0),
(194, 28, 1, 2, 0),
(195, 28, 3, 2, 0),
(196, 28, 4, 2, 0),
(197, 28, 5, 2, 0),
(198, 28, 6, 2, 0),
(199, 19, 1, 2, 0),
(200, 19, 2, 1, 0),
(201, 19, 3, 1, 0),
(202, 19, 4, 1, 0),
(203, 19, 1, 2, 0),
(204, 19, 2, 1, 0),
(205, 19, 3, 1, 0),
(206, 19, 4, 1, 0),
(207, 19, 1, 2, 0),
(208, 19, 2, 1, 0),
(209, 19, 3, 1, 0),
(210, 19, 4, 1, 0),
(211, 19, 1, 2, 0),
(212, 19, 2, 1, 0),
(213, 19, 3, 1, 0),
(214, 19, 4, 1, 0),
(215, 19, 1, 2, 0),
(216, 19, 2, 1, 0),
(217, 19, 3, 1, 0),
(218, 19, 4, 1, 0),
(219, 19, 26, 3, 0),
(220, 19, 27, 1, 0),
(221, 28, 7, 2, 0),
(222, 28, 8, 2, 0),
(223, 28, 11, 2, 0),
(224, 28, 9, 2, 0),
(225, 28, 13, 2, 0),
(226, 28, 10, 2, 0),
(227, 28, 12, 2, 0),
(228, 28, 14, 1, 0),
(229, 28, 15, 1, 0),
(230, 35, 20, 3, 0),
(231, 35, 3, 2, 0),
(232, 35, 4, 2, 0),
(233, 35, 21, 2, 0),
(234, 35, 26, 2, 0),
(235, 35, 2, 1, 0),
(236, 35, 5, 1, 0),
(237, 35, 6, 1, 0),
(238, 35, 19, 1, 0),
(239, 35, 16, 1, 0),
(240, 35, 17, 1, 0),
(241, 35, 18, 1, 0),
(242, 37, 1, 2, 0),
(243, 37, 2, 2, 0),
(244, 37, 3, 2, 0),
(245, 37, 4, 2, 0),
(246, 36, 26, 3, 0),
(247, 36, 24, 2, 0),
(248, 36, 16, 2, 0),
(249, 36, 25, 2, 0),
(250, 36, 17, 1, 0),
(251, 36, 18, 1, 0),
(252, 36, 19, 1, 0),
(253, 36, 20, 1, 0),
(254, 36, 21, 1, 0),
(255, 36, 22, 1, 0),
(256, 36, 23, 1, 0),
(257, 36, 27, 1, 0),
(258, 17, 1, 2, 0),
(259, 17, 2, 2, 0),
(260, 17, 6, 2, 0),
(261, 17, 5, 1, 0),
(262, 17, 11, 1, 0),
(263, 17, 12, 1, 0),
(264, 17, 9, 1, 0),
(265, 17, 10, 1, 0),
(266, 17, 13, 1, 0),
(267, 36, 2, 2, 0),
(268, 36, 3, 2, 0),
(269, 36, 4, 2, 0),
(270, 36, 1, 1, 0),
(271, 36, 5, 1, 0),
(272, 36, 6, 1, 0),
(273, 36, 2, 2, 0),
(274, 36, 3, 2, 0),
(275, 36, 4, 2, 0),
(276, 36, 1, 1, 0),
(277, 36, 5, 1, 0),
(278, 36, 6, 1, 0),
(279, 36, 2, 2, 0),
(280, 36, 3, 2, 0),
(281, 36, 4, 2, 0),
(282, 36, 1, 1, 0),
(283, 36, 5, 1, 0),
(284, 36, 6, 1, 0),
(285, 36, 2, 2, 0),
(286, 36, 3, 2, 0),
(287, 36, 4, 2, 0),
(288, 36, 1, 1, 0),
(289, 36, 5, 1, 0),
(290, 36, 6, 1, 0),
(291, 36, 2, 2, 0),
(292, 36, 3, 2, 0),
(293, 36, 4, 2, 0),
(294, 36, 1, 1, 0),
(295, 36, 5, 1, 0),
(296, 36, 6, 1, 0),
(297, 36, 2, 2, 0),
(298, 36, 3, 2, 0),
(299, 36, 4, 2, 0),
(300, 36, 1, 1, 0),
(301, 36, 5, 1, 0),
(302, 36, 6, 1, 0),
(303, 17, 1, 1, 0),
(304, 17, 3, 1, 0),
(305, 17, 4, 1, 0),
(306, 17, 2, 1, 0),
(307, 17, 8, 1, 0),
(308, 17, 7, 1, 0),
(309, 17, 12, 1, 0),
(310, 17, 14, 1, 0),
(311, 17, 15, 1, 0),
(312, 17, 2, 4, 0),
(313, 17, 1, 2, 0),
(314, 17, 3, 2, 0),
(315, 17, 4, 2, 0),
(316, 17, 5, 2, 0),
(317, 17, 6, 2, 0),
(318, 17, 8, 1, 0),
(319, 17, 7, 1, 0),
(320, 17, 12, 1, 0),
(321, 17, 14, 1, 0),
(322, 17, 15, 1, 0),
(323, 36, 1, 2, 0),
(324, 36, 2, 2, 0),
(325, 36, 3, 2, 0),
(326, 36, 4, 2, 0);

-- --------------------------------------------------------

--
-- Структура таблицы `sign_logs`
--

CREATE TABLE `sign_logs` (
  `id` int(11) NOT NULL,
  `user_car` int(11) NOT NULL,
  `sign` int(11) NOT NULL
) ENGINE=InnoDB DEFAULT CHARSET=utf8;

--
-- Дамп данных таблицы `sign_logs`
--

INSERT INTO `sign_logs` (`id`, `user_car`, `sign`) VALUES
(60, 17, 1),
(61, 17, 3),
(62, 17, 4),
(63, 17, 21),
(64, 17, 26),
(65, 17, 42),
(66, 17, 44),
(67, 17, 48),
(68, 17, 60),
(69, 17, 62),
(70, 17, 1),
(71, 17, 3),
(72, 17, 4),
(73, 17, 21),
(74, 17, 26),
(75, 17, 42),
(76, 17, 44),
(77, 17, 48),
(78, 17, 60),
(79, 17, 62),
(80, 17, 1),
(81, 17, 3),
(82, 17, 4),
(83, 17, 21),
(84, 17, 26),
(85, 17, 42),
(86, 17, 44),
(87, 17, 48),
(88, 17, 60),
(89, 17, 62),
(90, 17, 1),
(91, 17, 3),
(92, 17, 4),
(93, 17, 21),
(94, 17, 26),
(95, 17, 42),
(96, 17, 44),
(97, 17, 48),
(98, 17, 60),
(99, 17, 62),
(100, 17, 1),
(101, 17, 3),
(102, 17, 4),
(103, 17, 21),
(104, 17, 26),
(105, 17, 42),
(106, 17, 44),
(107, 17, 48),
(108, 17, 60),
(109, 17, 62),
(110, 17, 1),
(111, 17, 3),
(112, 17, 4),
(113, 17, 21),
(114, 17, 26),
(115, 17, 42),
(116, 17, 44),
(117, 17, 48),
(118, 17, 60),
(119, 17, 62),
(120, 17, 1),
(121, 17, 3),
(122, 17, 4),
(123, 17, 21),
(124, 17, 26),
(125, 17, 42),
(126, 17, 44),
(127, 17, 48),
(128, 17, 60),
(129, 17, 62),
(130, 17, 1),
(131, 17, 3),
(132, 17, 4),
(133, 17, 21),
(134, 17, 26),
(135, 17, 42),
(136, 17, 44),
(137, 17, 48),
(138, 17, 60),
(139, 17, 62),
(140, 18, 1),
(141, 18, 3),
(142, 18, 4),
(143, 18, 6),
(144, 18, 8),
(145, 18, 26),
(146, 18, 30),
(147, 18, 35),
(148, 18, 41),
(149, 18, 42),
(150, 18, 48),
(151, 18, 51),
(152, 18, 52),
(153, 18, 60),
(154, 18, 61),
(155, 18, 62),
(156, 18, 1),
(157, 18, 3),
(158, 18, 4),
(159, 18, 8),
(160, 18, 11),
(161, 18, 12),
(162, 18, 21),
(163, 18, 26),
(164, 18, 35),
(165, 18, 39),
(166, 18, 41),
(167, 18, 44),
(168, 18, 48),
(169, 18, 51),
(170, 18, 52),
(171, 18, 58),
(172, 18, 60),
(173, 18, 62),
(174, 18, 1),
(175, 18, 3),
(176, 18, 4),
(177, 18, 9),
(178, 18, 11),
(179, 18, 12),
(180, 18, 15),
(181, 18, 26),
(182, 18, 30),
(183, 18, 39),
(184, 18, 44),
(185, 18, 48),
(186, 18, 51),
(187, 18, 52),
(188, 18, 60),
(189, 18, 61),
(190, 18, 62),
(191, 18, 9),
(192, 18, 11),
(193, 18, 12),
(194, 18, 15),
(195, 18, 26),
(196, 18, 30),
(197, 18, 39),
(198, 18, 41),
(199, 18, 52),
(200, 18, 54),
(201, 18, 58),
(202, 18, 61),
(203, 18, 62),
(204, 17, 60),
(205, 17, 61),
(206, 17, 62),
(207, 17, 60),
(208, 17, 61),
(209, 17, 62),
(210, 17, 1),
(211, 17, 3),
(212, 17, 6),
(213, 17, 8),
(214, 17, 1),
(215, 17, 3),
(216, 17, 6),
(217, 17, 8),
(218, 17, 15),
(219, 17, 21),
(220, 17, 30),
(221, 17, 54),
(222, 17, 56),
(223, 17, 58),
(224, 17, 4),
(225, 17, 6),
(226, 17, 8),
(227, 17, 11),
(228, 17, 12),
(229, 19, 1),
(230, 19, 3),
(231, 19, 4),
(232, 19, 6),
(233, 19, 8),
(234, 19, 12),
(235, 22, 1),
(236, 22, 3),
(237, 22, 4),
(238, 22, 6),
(239, 22, 8),
(240, 22, 9),
(241, 22, 11),
(242, 22, 12),
(243, 0, 1),
(244, 0, 3),
(245, 0, 4),
(246, 0, 6),
(247, 0, 8),
(248, 0, 9),
(249, 0, 11),
(250, 0, 12),
(251, 0, 1),
(252, 0, 3),
(253, 0, 4),
(254, 0, 6),
(255, 0, 8),
(256, 0, 9),
(257, 0, 11),
(258, 0, 12),
(259, 0, 1),
(260, 0, 3),
(261, 0, 4),
(262, 0, 6),
(263, 0, 8),
(264, 0, 9),
(265, 0, 11),
(266, 0, 12),
(267, 0, 1),
(268, 0, 3),
(269, 0, 4),
(270, 0, 6),
(271, 0, 8),
(272, 0, 9),
(273, 0, 11),
(274, 0, 12),
(275, 0, 1),
(276, 0, 3),
(277, 0, 4),
(278, 0, 6),
(279, 0, 8),
(280, 0, 9),
(281, 0, 11),
(282, 0, 12),
(283, 0, 1),
(284, 0, 3),
(285, 0, 4),
(286, 0, 6),
(287, 0, 8),
(288, 0, 9),
(289, 0, 11),
(290, 0, 12),
(291, 24, 1),
(292, 24, 3),
(293, 24, 4),
(294, 24, 6),
(295, 24, 8),
(296, 24, 9),
(297, 24, 11),
(298, 24, 12),
(299, 19, 1),
(300, 19, 3),
(301, 19, 4),
(302, 19, 6),
(303, 19, 8),
(304, 19, 9),
(305, 19, 11),
(306, 19, 12),
(307, 28, 1),
(308, 28, 3),
(309, 28, 4),
(310, 28, 6),
(311, 28, 8),
(312, 28, 9),
(313, 28, 11),
(314, 28, 12),
(315, 19, 1),
(316, 19, 3),
(317, 19, 4),
(318, 19, 1),
(319, 19, 3),
(320, 19, 4),
(321, 19, 1),
(322, 19, 3),
(323, 19, 4),
(324, 19, 1),
(325, 19, 3),
(326, 19, 4),
(327, 19, 1),
(328, 19, 3),
(329, 19, 4),
(330, 19, 60),
(331, 19, 61),
(332, 19, 62),
(333, 28, 15),
(334, 28, 21),
(335, 28, 30),
(336, 35, 4),
(337, 35, 6),
(338, 35, 9),
(339, 35, 11),
(340, 35, 39),
(341, 35, 41),
(342, 35, 42),
(343, 35, 44),
(344, 35, 61),
(345, 35, 62),
(346, 37, 1),
(347, 37, 3),
(348, 37, 4),
(349, 37, 6),
(350, 37, 8),
(351, 36, 35),
(352, 36, 41),
(353, 36, 42),
(354, 36, 52),
(355, 36, 56),
(356, 36, 58),
(357, 36, 60),
(358, 36, 61),
(359, 36, 62),
(360, 17, 1),
(361, 17, 3),
(362, 17, 11),
(363, 17, 12),
(364, 17, 21),
(365, 36, 1),
(366, 36, 4),
(367, 36, 6),
(368, 36, 9),
(369, 36, 11),
(370, 36, 1),
(371, 36, 4),
(372, 36, 6),
(373, 36, 9),
(374, 36, 11),
(375, 36, 1),
(376, 36, 4),
(377, 36, 6),
(378, 36, 9),
(379, 36, 11),
(380, 36, 1),
(381, 36, 4),
(382, 36, 6),
(383, 36, 9),
(384, 36, 11),
(385, 36, 1),
(386, 36, 4),
(387, 36, 6),
(388, 36, 9),
(389, 36, 11),
(390, 36, 1),
(391, 36, 4),
(392, 36, 6),
(393, 36, 9),
(394, 36, 11),
(395, 17, 3),
(396, 17, 4),
(397, 17, 8),
(398, 17, 30),
(399, 17, 1),
(400, 17, 3),
(401, 17, 4),
(402, 17, 6),
(403, 17, 8),
(404, 17, 9),
(405, 17, 11),
(406, 17, 12),
(407, 17, 30),
(408, 36, 1),
(409, 36, 3),
(410, 36, 4),
(411, 36, 6),
(412, 36, 8);

-- --------------------------------------------------------

--
-- Структура таблицы `users`
--

CREATE TABLE `users` (
  `id` int(11) NOT NULL,
  `login` text NOT NULL,
  `password` text NOT NULL,
  `email` text NOT NULL,
  `status` tinyint(1) NOT NULL
) ENGINE=InnoDB DEFAULT CHARSET=utf8;

--
-- Дамп данных таблицы `users`
--

INSERT INTO `users` (`id`, `login`, `password`, `email`, `status`) VALUES
(1, 'admin', 'admin', '', 1),
(3, 'Konel', 'Z372177Z', 'dmitrii.romanov.3721@yandex.ru', 0),
(4, '123', '123', '123@123', 0),
(5, '00000', '00000', '00000@mail.ru', 0);

-- --------------------------------------------------------

--
-- Структура таблицы `user_cars`
--

CREATE TABLE `user_cars` (
  `id` int(11) NOT NULL,
  `user` int(11) DEFAULT NULL,
  `car` int(11) NOT NULL,
  `year` year(4) NOT NULL,
  `registered` tinyint(1) NOT NULL
) ENGINE=InnoDB DEFAULT CHARSET=utf8;

--
-- Дамп данных таблицы `user_cars`
--

INSERT INTO `user_cars` (`id`, `user`, `car`, `year`, `registered`) VALUES
(17, 0, 1, 0000, 0),
(18, 0, 23, 2022, 0),
(19, 3, 1, 2022, 1),
(20, 3, 3, 2019, 0),
(28, 3, 24, 0000, 1),
(29, 3, 25, 0000, 0),
(30, 3, 15, 2008, 0),
(34, 3, 1, 0000, 1),
(35, 3, 2, 0000, 1),
(36, 1, 1, 0000, 0),
(37, 1, 25, 0000, 1);

--
-- Индексы сохранённых таблиц
--

--
-- Индексы таблицы `cars`
--
ALTER TABLE `cars`
  ADD PRIMARY KEY (`id`);

--
-- Индексы таблицы `malfunction_results`
--
ALTER TABLE `malfunction_results`
  ADD PRIMARY KEY (`id`),
  ADD UNIQUE KEY `id` (`id`);

--
-- Индексы таблицы `malfunction_sections`
--
ALTER TABLE `malfunction_sections`
  ADD PRIMARY KEY (`id`);

--
-- Индексы таблицы `malfunction_signs`
--
ALTER TABLE `malfunction_signs`
  ADD PRIMARY KEY (`id`);

--
-- Индексы таблицы `result_logs`
--
ALTER TABLE `result_logs`
  ADD PRIMARY KEY (`id`);

--
-- Индексы таблицы `sign_logs`
--
ALTER TABLE `sign_logs`
  ADD PRIMARY KEY (`id`);

--
-- Индексы таблицы `users`
--
ALTER TABLE `users`
  ADD PRIMARY KEY (`id`);

--
-- Индексы таблицы `user_cars`
--
ALTER TABLE `user_cars`
  ADD PRIMARY KEY (`id`);

--
-- AUTO_INCREMENT для сохранённых таблиц
--

--
-- AUTO_INCREMENT для таблицы `cars`
--
ALTER TABLE `cars`
  MODIFY `id` int(11) NOT NULL AUTO_INCREMENT, AUTO_INCREMENT=26;

--
-- AUTO_INCREMENT для таблицы `malfunction_results`
--
ALTER TABLE `malfunction_results`
  MODIFY `id` int(11) NOT NULL AUTO_INCREMENT, AUTO_INCREMENT=29;

--
-- AUTO_INCREMENT для таблицы `malfunction_sections`
--
ALTER TABLE `malfunction_sections`
  MODIFY `id` int(11) NOT NULL AUTO_INCREMENT, AUTO_INCREMENT=6;

--
-- AUTO_INCREMENT для таблицы `malfunction_signs`
--
ALTER TABLE `malfunction_signs`
  MODIFY `id` int(11) NOT NULL AUTO_INCREMENT, AUTO_INCREMENT=64;

--
-- AUTO_INCREMENT для таблицы `result_logs`
--
ALTER TABLE `result_logs`
  MODIFY `id` int(11) NOT NULL AUTO_INCREMENT, AUTO_INCREMENT=327;

--
-- AUTO_INCREMENT для таблицы `sign_logs`
--
ALTER TABLE `sign_logs`
  MODIFY `id` int(11) NOT NULL AUTO_INCREMENT, AUTO_INCREMENT=413;

--
-- AUTO_INCREMENT для таблицы `users`
--
ALTER TABLE `users`
  MODIFY `id` int(11) NOT NULL AUTO_INCREMENT, AUTO_INCREMENT=6;

--
-- AUTO_INCREMENT для таблицы `user_cars`
--
ALTER TABLE `user_cars`
  MODIFY `id` int(11) NOT NULL AUTO_INCREMENT, AUTO_INCREMENT=38;
COMMIT;

/*!40101 SET CHARACTER_SET_CLIENT=@OLD_CHARACTER_SET_CLIENT */;
/*!40101 SET CHARACTER_SET_RESULTS=@OLD_CHARACTER_SET_RESULTS */;
/*!40101 SET COLLATION_CONNECTION=@OLD_COLLATION_CONNECTION */;
